behavior_mode,position_0,position_1,position_2,position_3,position_4,position_5,position_6,velocity_0,velocity_1,velocity_2,velocity_3,velocity_4,velocity_5,velocity_6,sea_position_0,sea_position_1,sea_position_2,sea_position_3,sea_position_4,sea_position_5,sea_position_6,extra_0,extra_1,extra_2,extra_3,extra_4,extra_5,extra_6,extra_7,extra_8,extra_9,extra_10,extra_11,extra_12,extra_13,extra_14,extra_15,extra_16,extra_17,extra_18,extra_19,extra_20,time_stamp,message_index
1919902830,1076471704663581786112.000000,0.000000,0.000000,-20471213140182802779821047808.000000,0.000000,0.000000,0.000000,-0.000459,0.000000,-0.000459,0.000000,-0.000459,0.000000,0.000000,0.000000,0.000000,0.000000,-20556801310318332229674074112.000000,0.000000,143723430150144.000000,0.000000,-20558794148974103219954253824.000000,0.000000,-20467794146849205156686331904.000000,0.000000,0.000000,0.000000,-0.000459,0.000000,-18788161725688061225659793408.000000,0.000000,-21106938116106714418488803328.000000
